name,gender,estimated_count,heat_level
伟,N,3158200,爆款
秀英,N,2936763,爆款
秀英,F,2934034,爆款
伟,M,2825340,爆款
敏,N,2572631,爆款
静,N,2570554,爆款
丽,N,2399777,爆款
丽,F,2389463,爆款
静,F,2388958,爆款
勇,M,2385687,爆款
勇,N,2344022,爆款
杰,N,2237573,爆款
涛,N,2158014,爆款
艳,N,2140881,爆款
艳,F,2112873,爆款
敏,F,2098486,爆款
军,M,2082089,爆款
军,N,2054590,爆款
涛,M,2006675,爆款
强,M,1974285,爆款
强,N,1932748,高
杰,M,1851437,高
磊,N,1844931,高
桂英,N,1806147,高
娟,N,1805607,高
桂英,F,1802847,高
娟,F,1802351,高
燕,N,1798852,高
燕,F,1764924,高
超,N,1760461,高
磊,M,1683326,高
秀兰,N,1671921,高
秀兰,F,1669781,高
超,M,1650787,高
芳,N,1631567,高
芳,F,1627726,高
平,N,1605287,高
玉兰,N,1577103,高
玉兰,F,1571631,高
华,N,1542645,高
鹏,N,1519666,高
波,N,1504836,高
玲,F,1497160,高
辉,N,1477801,高
鹏,M,1466227,高
玲,N,1462216,高
桂兰,F,1445480,高
斌,M,1429856,高
斌,N,1416783,高
英,F,1408735,高
英,N,1391395,高
红,N,1364399,高
霞,F,1359728,高
桂兰,N,1333670,高
霞,N,1330822,高
波,M,1325915,高
丹,F,1305976,高
丹,N,1285524,高
秀珍,F,1278099,高
娜,N,1256196,高
娜,F,1253618,高
鑫,N,1226674,高
明,M,1214637,高
萍,F,1201128,高
建华,N,1198955,高
红,F,1192979,高
凤英,F,1189966,高
明,N,1183597,高
辉,M,1181313,高
萍,N,1178427,高
飞,N,1172296,高
秀珍,N,1160869,高
莉,F,1151914,高
刚,N,1141389,高
刚,M,1136060,高
婷,N,1133886,高
婷,F,1130313,高
玉梅,F,1120575,高
梅,F,1118000,高
莉,N,1116229,高
浩,M,1116227,高
玉英,F,1110680,高
林,N,1107888,高
玉珍,F,1102379,高
飞,M,1094909,高
梅,N,1086339,高
俊,N,1074645,高
亮,N,1069622,高
凤英,N,1056268,高
浩,N,1053803,高
婷婷,N,1041771,高
婷婷,F,1039719,高
玉珍,N,1024075,高
兰英,F,1018104,高
俊,M,1013613,高
亮,M,1009380,高
玉梅,N,1003839,高
凯,M,1001213,高
玉英,N,995659,高
红梅,F,989685,高
健,N,969500,中
林,M,969012,中
健,M,953841,中
慧,N,951303,中
峰,N,950949,中
志强,M,938045,中
洋,N,937890,中
琴,F,928164,中
峰,M,923807,中
雪,N,923639,中
云,N,920892,中
兰英,N,919568,中
平,M,916792,中
凯,N,911324,中
建国,M,909596,中
红梅,N,899347,中
鑫,M,897076,中
慧,F,895968,中
雪,F,888375,中
颖,N,869347,中
帅,N,865574,中
建军,M,854327,中
玉华,N,854094,中
建华,M,842305,中
海燕,F,836885,中
倩,N,836349,中
宇,N,831483,中
龙,M,830646,中
倩,F,826325,中
建国,N,820008,中
桂珍,N,809648,中
桂珍,F,805561,中
颖,F,802769,中
帅,M,799967,中
志强,N,788529,中
桂芳,F,781362,中
洁,F,779571,中
华,M,777806,中
琴,N,775884,中
秀芳,F,771619,中
桂香,F,758315,中
秀梅,N,746834,中
秀梅,F,745954,中
丽娟,F,741795,中
海燕,N,741134,中
丽丽,F,739957,中
洁,N,734799,中
龙,N,734441,中
阳,N,730265,中
冬梅,F,727004,中
丽华,F,726465,中
旭,N,725353,中
小红,N,721041,中
秀华,N,717443,中
丹丹,F,707528,中
佳,N,703358,中
桂芳,N,700502,中
建,M,699277,中
玉华,F,696219,中
兵,M,689573,中
宇,M,685240,中
桂荣,N,680960,中
秀华,F,679512,中
淑珍,F,674752,中
丹丹,N,671322,中
欢,N,668210,中
春梅,N,667903,中
洋,M,665620,中
春梅,F,665522,中
桂香,N,662594,中
秀荣,N,662526,中
雪梅,F,658005,中
秀芳,N,652278,中
建,N,652259,中
建军,N,651916,中
秀荣,F,649034,中
冬梅,N,643654,中
桂荣,F,641125,中
秀云,N,637400,中
琳,F,634063,中
宁,N,632666,中
金凤,F,631624,中
秀云,F,626885,中
桂花,F,624273,中
丽萍,F,622581,中
兵,N,621598,中
丽丽,N,621314,中
小红,F,616088,中
丽娟,N,615963,中
华,F,599099,中
琳,N,598963,中
平,F,597930,中
桂芝,F,594880,中
丽华,N,591226,中
建平,M,586729,中
莹,N,582676,中
淑兰,F,579500,中
红霞,F,578165,中
淑英,N,575913,中
淑英,F,575466,中
彬,M,573601,中
淑珍,N,568204,中
旭,M,565062,中
云,F,562773,中
莹,F,561410,中
国华,N,554289,中
彬,N,544089,中
淑华,N,541569,中
玉芳,F,540690,中
凤兰,N,535197,中
淑华,F,535117,中
凤兰,F,534078,中
雪梅,N,532403,中
瑞,N,526001,中
桂花,N,523261,中
翠英,N,522895,中
翠英,F,522557,中
美英,N,520302,中
丽萍,N,519629,中
美英,F,519423,中
金花,F,518234,中
博,N,517627,中
毅,M,512962,中
春花,F,512392,中
晶晶,N,511538,中
海,M,510254,中
成,M,507179,中
佳,F,506356,中
晶,N,504313,中
阳,M,500262,中
志刚,M,497005,中
东,M,493275,中
晶,F,485763,中
小燕,F,485692,中
桂芝,N,485315,中
春英,F,482104,中
小英,F,478102,中
晶晶,F,474213,中
小平,N,474184,中
淑兰,N,473347,中
建平,N,470948,中
国强,M,469664,中
琼,F,462836,中
春兰,F,457221,中
海英,F,456865,中
坤,N,456043,中
玉芳,N,455442,中
杨,N,453349,中
海军,M,452204,中
楠,N,451951,中
博,M,451657,中
海霞,N,448699,中
春香,F,448391,中
敏,M,446542,中
坤,M,446389,中
海霞,F,446050,中
玲玲,N,443131,中
玲玲,F,440059,中
桂华,N,438741,中
素英,F,437689,中
文英,N,437375,中
淑芳,F,429822,中
欢,F,429122,中
雷,M,426411,中
秀花,N,423846,中
秀花,F,423477,中
宁,M,421013,中
文英,F,420373,中
彩霞,F,418012,中
翠兰,F,417956,中
海涛,M,417666,中
国华,M,417656,中
文,M,416730,中
俊杰,M,416528,中
素珍,N,412374,中
素珍,F,411882,中
威,N,401915,中
威,M,401457,中
小燕,N,401010,中
金凤,N,398629,中
秀玲,F,397217,中
鹏飞,M,396629,中
蓉,F,394098,中
金花,N,393326,中
小兰,F,389115,中
玉莲,F,386663,中
小玲,F,385766,中
丽娜,F,385433,中
兰,F,383222,中
江,M,382845,中
金兰,F,382710,中
琼,N,382015,中
春燕,F,381728,中
玉香,N,380686,中
松,M,380659,中
桂华,F,380534,中
杰,F,378833,中
璐,F,377873,中
秀芬,F,377370,中
锋,M,376865,中
玉香,F,375507,低
小英,N,369673,低
伟,F,369098,低
春英,N,366777,低
晓燕,F,366445,低
秀芹,F,365567,低
建明,M,365055,低
欣,F,359304,低
云,M,358119,低
晨,N,356636,低
媛媛,F,356297,低
晓东,M,352241,低
春兰,N,349522,低
春华,N,349118,低
悦,N,347135,低
俊杰,N,347004,低
文,N,346843,低
利,N,345205,低
春香,N,345085,低
玉花,F,344802,低
倩倩,F,340606,低
玉琴,F,340538,低
氏,N,338694,低
秀琴,F,336927,低
艳红,F,336811,低
氏,F,336795,低
菊英,F,333271,低
金龙,M,332738,低
月英,N,332700,低
月英,F,332016,低
欣,N,331298,低
淑琴,N,330348,低
淑琴,F,330167,低
红英,N,329550,低
红英,F,327453,低
爽,F,326990,低
淑芳,N,321797,低
海龙,M,321190,低
爱华,N,320474,低
国平,M,317314,低
国英,F,317299,低
春艳,F,317005,低
康,M,315828,低
素英,N,315576,低
爱英,F,315166,低
金华,N,314699,低
莹莹,F,311667,低
艳丽,F,311435,低
蕾,F,311361,低
淑芹,N,307880,低
淑芹,F,307548,低
翔,M,307386,低
志明,M,306330,低
文华,N,304994,低
玉芬,F,302797,低
芳芳,F,302226,低
珊珊,F,301131,低
翠兰,N,300766,低
小龙,M,297918,低
悦,F,295715,低
红霞,N,294090,低
秀丽,F,293577,低
媛,F,293441,低
荣,N,290966,低
爽,N,290004,低
光明,M,289342,低
红艳,F,288823,低
志勇,M,288054,低
东,N,287798,低
琪,N,287652,低
娟娟,F,287285,低
楠,F,285149,低
杨,M,282465,低
璐,N,281763,低
爱华,F,280257,低
建新,M,280245,低
秀芝,N,280151,低
玉莲,N,279575,低
虎,M,279344,低
玉霞,N,278828,低
秀芝,F,278745,低
小兰,N,278372,低
玉霞,F,277821,低
建民,M,277275,低
瑞,M,277237,低
小丽,F,274131,低
瑶,N,270395,低
祥,M,269380,低
丽娜,N,268843,低
小平,M,268395,低
毅,N,263830,低
海波,M,262835,低
金兰,N,261999,低
凤,F,261748,低
淑芬,N,260619,低
淑芬,F,260460,低
忠,M,260046,低
桂芬,N,259905,低
秀芬,N,258825,低
桂芬,F,257470,低
进,M,256818,低
素兰,N,256253,低
素兰,F,256094,低
雨,N,255181,低
聪,M,254172,低
志伟,M,252240,低
玉玲,F,251577,低
小梅,F,251509,低
昊,M,250144,低
秀芹,N,249580,低
园园,F,249019,低
海英,N,246614,低
建忠,M,246129,低
宁,F,245269,低
桂芹,N,244635,低
建伟,M,244048,低
桂芹,F,243722,低
丽霞,F,243225,低
鑫,F,242344,低
国庆,M,241093,低
康,N,240321,低
国英,N,239030,低
玉花,N,238625,低
美玲,F,237795,低
新华,M,237456,低
雷,N,236965,低
淑清,N,236490,低
建英,F,236098,低
淑清,F,234074,低
和平,M,233013,低
菊英,N,232748,低
瑶,F,230078,低
春华,F,229466,低
娜娜,F,229143,低
琦,N,227019,低
玉芝,N,226774,低
秀琴,N,225718,低
玉琴,N,224312,低
淑云,N,224202,低
文龙,M,223618,低
淑云,F,223246,低
玉芝,F,222991,低
小军,M,222309,低
青,F,222237,低
志华,M,221814,低
海军,N,220998,低
秀娟,F,219569,低
锐,M,217578,低
文静,F,217551,低
凤珍,N,216931,低
彪,M,216304,低
素华,N,215969,低
卫东,M,215929,低
凤珍,F,215475,低
文杰,M,214976,低
志军,M,214759,低
玉荣,N,214615,低
永生,M,214079,低
剑,M,213205,低
连英,N,213004,低
素华,F,211916,低
连英,F,210262,低
秀莲,N,210048,低
秀莲,F,209796,低
欢,M,209262,低
月,F,206176,低
小平,F,205789,低
振,M,205591,低
德明,M,204601,低
志刚,N,203925,低
晨,M,203420,低
爱英,N,203235,低
玉芬,N,202238,低
国良,M,200120,低
荣,M,199732,低
梅英,N,199700,低
艳红,N,199555,低
梅英,F,199488,低
凤云,N,199420,低
佳,M,197002,低
海峰,M,196594,低
娟娟,N,195816,低
芳芳,N,195325,低
玉荣,F,195097,低
桂云,N,194631,低
玉芹,N,194347,低
春生,M,194271,低
凤云,F,192571,低
玉芹,F,191683,低
海洋,M,191166,低
俊英,N,190377,低
金荣,N,190135,低
玉清,N,189922,低
豪,M,189824,低
鹏飞,N,189329,低
春燕,N,189301,低
风英,N,188752,低
风英,F,188214,低
青,N,187271,低
猛,M,186506,低
